あ	逢	動詞ハ行四段	歴史的仮名遣い
あ	会	動詞ハ行四段	歴史的仮名遣い
あ	合	動詞ハ行四段	歴史的仮名遣い
あ	遭	動詞ハ行四段	歴史的仮名遣い
あいねこ	愛猫	名詞	慣用読み
あうたう	桜桃	名詞	詩韻
あうむ	アウム	名詞	歴史的仮名遣い
あうむ	鸚鵡	名詞	詩韻
あきな	商	動詞ハ行四段	歴史的仮名遣い
あさがほ	朝顔	名詞	歴史的仮名遣い
あざわら	あざわら	動詞ハ行四段	歴史的仮名遣い
あざわら	あざ笑	動詞ハ行四段	歴史的仮名遣い
あざわら	嘲笑	動詞ハ行四段	歴史的仮名遣い
あじきな	あじきな	形容詞
あじきな	味気な	形容詞	当て字
あじきな	味気無	形容詞	当て字（味気）
あたへ	与へ	動詞一段	歴史的仮名遣い
あぢ	味	名詞	歴史的仮名遣い
あぢきな	あぢきな	形容詞	歴史的仮名遣い
あぢきな	味気な	形容詞	歴史的仮名遣い,当て字
あぢきな	味気無	形容詞	歴史的仮名遣い,当て字（味気）
あぢさゐ	紫陽花	名詞	歴史的仮名遣い,熟字訓
あぢは	味は	動詞ハ行四段	歴史的仮名遣い
あつか	扱	動詞ハ行四段	歴史的仮名遣い
あひだ	間	名詞	歴史的仮名遣い
あふ	仰	動詞ガ行五段	歴史的仮名遣い
あふ	扇	動詞ガ行五段	歴史的仮名遣い
あふ	煽	動詞ラ行五段	歴史的仮名遣い
あふぎ	扇	名詞	歴史的仮名遣い
あふせ	逢瀬	名詞	歴史的仮名遣い
あふひ	葵	名詞	歴史的仮名遣い
あふみ	近江	地名	歴史的仮名遣い
あふむけ	仰向け	名詞	歴史的仮名遣い
あら	洗	動詞ハ行四段	歴史的仮名遣い
あらが	抗	動詞ハ行四段	歴史的仮名遣い
あらそ	争	動詞ハ行四段	歴史的仮名遣い
あらは	表	動詞サ行五段	歴史的仮名遣い
あらはれ	現れ	動詞一段	歴史的仮名遣い
ありがたう	ありがたう	感動詞	歴史的仮名遣い
あれぃ	亜鈴	名詞	広韻,同音の漢字による書きかえ（亜）
あれい	亜鈴	名詞	同音の漢字による書きかえ（亜）
あれい	唖鈴	名詞	簡易慣用字体（唖）
あれぃ	唖鈴	名詞	簡易慣用字体（唖）,広韻
あれぃ	啞鈴	名詞	広韻
あれい	啞鈴	名詞
あゐ	藍	名詞	歴史的仮名遣い
あを	青	形容詞	歴史的仮名遣い
あをみ	青海	名詞	歴史的仮名遣い
あをめ	青梅	名詞	歴史的仮名遣い
あんぐゎい	案外	副詞	詩韻
あんぐゎい	案外	名詞形動	詩韻
あんしゃう	暗唱	名詞サ変	詩韻,同音の漢字による書きかえ（唱）
あんしょう	暗唱	名詞サ変	同音の漢字による書きかえ（唱）
あんしょう	暗誦	名詞サ変
あんしょぅ	暗誦	名詞サ変	広韻
あんのぢゃう	案の定	副詞	詩韻
あんや	暗夜	名詞	同音の漢字による書きかえ（暗）
あんや	闇夜	名詞
い	い	動詞ハ行四段	歴史的仮名遣い
い	言	動詞ハ行四段	歴史的仮名遣い
いういう	悠々	名詞形動	詩韻
いういうじてき	悠々自適	名詞サ変	詩韻
いうかう	有効	名詞形動	詩韻
いうぎ	友宜	名詞	詩韻,同音の漢字による書きかえ（宜）
いうぎ	友誼	名詞	詩韻
いうぎ	遊戯	名詞	詩韻
いうしゅん	優俊	名詞	詩韻,同音の漢字による書きかえ（俊）
いうしゅん	優駿	名詞	詩韻
いうぜん	悠然	名詞形動	詩韻
いうれい	幽霊	名詞	詩韻
いかう	意向	名詞	詩韻,同音の漢字による書きかえ（向）
いかう	意嚮	名詞	詩韻
いがみあ	いがみ合	動詞ハ行四段	歴史的仮名遣い
いがみあ	啀み合	動詞ハ行四段	歴史的仮名遣い
いぐゎい	意外	名詞形動	詩韻
いこう	意向	名詞	同音の漢字による書きかえ（向）
いこう	意嚮	名詞
いさを	勲	名詞	歴史的仮名遣い
いさを	功	名詞	歴史的仮名遣い
いさをし	勲	名詞	歴史的仮名遣い
いさをし	功	名詞	歴史的仮名遣い
いしずゑ	礎	名詞	歴史的仮名遣い
いしゃう	衣裳	名詞	詩韻
いしゃう	衣装	名詞	詩韻,同音の漢字による書きかえ（装）
いしゃりょう	慰謝料	名詞	同音の漢字による書きかえ（謝）
いしゃりょう	慰藉料	名詞
いしゅく	委縮	名詞サ変	同音の漢字による書きかえ（委）
いしゅく	萎縮	名詞サ変
いしょう	衣裳	名詞
いしょう	衣装	名詞	同音の漢字による書きかえ（装）
いぢいぢ	いぢいぢ	副詞	歴史的仮名遣い
いぢいぢと	いぢいぢと	副詞	歴史的仮名遣い
いぢけ	いぢけ	動詞一段	歴史的仮名遣い
いちづ	一途	名詞形動	詩韻
いちゃう	イチャウ	名詞	歴史的仮名遣い
いちゃう	鴨脚樹	名詞	詩韻
いちゃう	銀杏	名詞	詩韻
いちゃう	公孫樹	名詞	詩韻
いぢらし	いぢらし	形容詞	歴史的仮名遣い
いっかくせんきん	一獲千金	名詞サ変	同音の漢字による書きかえ（獲）
いっかくせんきん	一攫千金	名詞サ変
いっく	一齣	名詞	慣用音（齣）
いっくゎくせんきむ	一獲千金	名詞サ変	広韻,同音の漢字による書きかえ（獲）
いっくゎくせんきむ	一攫千金	名詞サ変	広韻
いっくゎくせんきん	一獲千金	名詞サ変	詩韻,同音の漢字による書きかえ（獲）
いっくゎくせんきん	一攫千金	名詞サ変	詩韻
いっせき	一齣	名詞
いづれ	いづれ	副詞	歴史的仮名遣い
いづれ	いづれ	名詞	歴史的仮名遣い
いづれか	何れか	名詞	歴史的仮名遣い
いと	厭	動詞ハ行四段	歴史的仮名遣い
いぬゐ	乾	名詞	歴史的仮名遣い
いは	岩	名詞	歴史的仮名遣い
いは	祝	動詞ハ行四段	歴史的仮名遣い
いはく	曰く	副詞	歴史的仮名遣い
いはく	曰く	名詞	歴史的仮名遣い
いはな	いはな	名詞	歴史的仮名遣い
いはな	イハナ	名詞	歴史的仮名遣い
いはな	嘉魚	名詞	歴史的仮名遣い,熟字訓
いはな	岩魚	名詞	歴史的仮名遣い
いはゆる	いはゆる	連体詞	歴史的仮名遣い
いはゆる	言はゆる	連体詞	歴史的仮名遣い
いはゆる	所謂	連体詞	歴史的仮名遣い
いはんや	況んや	副詞	歴史的仮名遣い
いへども	雖も	副詞	歴史的仮名遣い
いむむ	淫夢	名詞	広韻
いむれう	飲料	名詞	広韻
いらっしゃいました	居らっしゃいました	抑制単語
いらっしゃいまして	居らっしゃいまして	抑制単語
いらっしゃいます	居らっしゃいます	抑制単語
いらっしゃいません	居らっしゃいません	抑制単語
いらっしゃった	居らっしゃった	抑制単語
いらっしゃって	居らっしゃって	抑制単語
いらっしゃっていた	居らっしゃっていた	抑制単語
いらっしゃっていました	居らっしゃっていました	抑制単語
いらっしゃっていましょう	居らっしゃっていましょう	抑制単語
いらっしゃっています	居らっしゃっています	抑制単語
いらっしゃっていよう	居らっしゃっていよう	抑制単語
いらっしゃっている	居らっしゃっている	抑制単語
いらっしゃってた	居らっしゃってた	抑制単語
いらっしゃってます	居らっしゃってます	抑制単語
いらっしゃってる	居らっしゃってる	抑制単語
いらっしゃらせます	居らっしゃらせます	抑制単語
いらっしゃらせられます	居らっしゃらせられます	抑制単語
いらっしゃらせられる	居らっしゃらせられる	抑制単語
いらっしゃらせる	居らっしゃらせる	抑制単語
いらっしゃらない	居らっしゃらない	抑制単語
いらっしゃられます	居らっしゃられます	抑制単語
いらっしゃられる	居らっしゃられる	抑制単語
いらっしゃる	居らっしゃる	抑制単語
いれかへ	入れ替へ	動詞一段	歴史的仮名遣い
いわう	硫黄	名詞	詩韻
いんえい	陰影	名詞	同音の漢字による書きかえ（影）
いんえい	陰翳	名詞
いんかう	淫行	名詞	詩韻
いんめつ	隠滅	名詞サ変	同音の漢字による書きかえ（隠）
いんめつ	湮滅	名詞サ変
いんれう	飲料	名詞	詩韻
うくゎつ	迂闊	名詞形動	詩韻
うけたまは	承	動詞ラ行五段	歴史的仮名遣い
うしな	失	動詞ハ行四段	歴史的仮名遣い
うた	うた	動詞ハ行四段	歴史的仮名遣い
うた	唄	動詞ハ行四段	歴史的仮名遣い
うた	歌	動詞ハ行四段	歴史的仮名遣い
うた	謡	動詞ハ行四段	歴史的仮名遣い
うた	謳	動詞ハ行四段	歴史的仮名遣い
うたが	疑	動詞ハ行四段	歴史的仮名遣い
うったうし	鬱陶し	形容詞	詩韻
うったうしが	鬱陶しが	動詞ラ行五段	詩韻
うったうしげ	鬱陶しげ	名詞形動	詩韻
うったへ	訴へ	動詞一段	歴史的仮名遣い
うへ	上	名詞	歴史的仮名遣い
うやま	敬	動詞ハ行四段	歴史的仮名遣い
うらな	占	動詞ハ行四段	歴史的仮名遣い
うりはら	売り払	動詞ハ行四段	歴史的仮名遣い
うるほ	潤	動詞ハ行四段	歴史的仮名遣い
うゑ	飢ゑ	動詞一段	歴史的仮名遣い
うゑ	植ゑ	動詞一段	歴史的仮名遣い
うを	魚	名詞	歴史的仮名遣い
えいきう	永久	名詞	詩韻
えいさい	穎才	名詞
えいさい	英才	名詞	同音の漢字による書きかえ（英）
えいしゅ	贏輸	名詞
えいち	叡智	名詞
えいち	英知	名詞	同音の漢字による書きかえ
えいゆ	贏輸	名詞	慣用音（輸）
えいゑん	永遠	名詞	詩韻
えうくゎい	妖怪	名詞	詩韻
えんがまへ	冂	名詞	歴史的仮名遣い
えんご	掩護	名詞サ変
えんご	援護	名詞サ変	同音の漢字による書きかえ（援）
お	追	動詞ハ行四段	歴史的仮名遣い
お	負	動詞ハ行四段	歴史的仮名遣い
おい	老い	動詞一段	歴史的仮名遣い,「老ゐる」ではない。
おきかへ	置き換へ	動詞一段	歴史的仮名遣い
おくだん	憶断	名詞サ変	同音の漢字による書きかえ（憶）
おくだん	臆断	名詞サ変
おくびゃぅ	憶病	名詞形動	広韻,同音の漢字による書きかえ（憶）
おくびゃう	憶病	名詞形動	詩韻,同音の漢字による書きかえ（憶）
おくびゃぅ	臆病	名詞形動	広韻
おくびゃう	臆病	名詞形動	詩韻
おくびょう	憶病	名詞形動	同音の漢字による書きかえ（憶）
おくびょう	臆病	名詞形動
おこな	行	動詞ハ行四段	歴史的仮名遣い
おぢ	怖ぢ	動詞一段	歴史的仮名遣い
おめでたう	おめでたう	感動詞	歴史的仮名遣い
おも	思	動詞ハ行四段	歴史的仮名遣い
おも	想	動詞ハ行四段	歴史的仮名遣い
おもひつ	思ひ付	動詞カ行五段	歴史的仮名遣い
おもひで	思ひ出	名詞	歴史的仮名遣い
おんぎ	恩義	名詞	同音の漢字による書きかえ（義）
おんぎ	恩誼	名詞
おんゐん	音韻	名詞	詩韻
か	交	動詞ハ行四段	歴史的仮名遣い
か	飼	動詞ハ行四段	歴史的仮名遣い
か	買	動詞ハ行四段	歴史的仮名遣い
がいえう	概要	名詞	詩韻
かいてん	回転	名詞サ変	同音の漢字による書きかえ（回）
かいてん	廻転	名詞サ変
かいゆう	回遊	名詞サ変	同音の漢字による書きかえ（遊）
かいゆう	回游	名詞サ変
かう	かう	副詞	歴史的仮名遣い
かう	綱	名詞	詩韻
かぅうんき	耕運機	名詞	広韻,同音の漢字による書きかえ（運）
かううんき	耕運機	名詞	詩韻,同音の漢字による書きかえ（運）
かぅうんき	耕耘機	名詞	広韻
かううんき	耕耘機	名詞	詩韻
かうかう	高校	名詞	詩韻
かうかう	鏗鏗	名詞形動	詩韻
かうかうせい	高校生	名詞	詩韻
かうかく	磽埆	名詞形動	詩韻
がうくゎ	豪華	名詞形動	詩韻
かうさ	交叉	名詞サ変	詩韻
かうさ	交差	名詞サ変	詩韻,同音の漢字による書きかえ（差）
かぅしん	昂進	名詞サ変	広韻
かうしん	昂進	名詞サ変	詩韻
かうしん	高進	名詞サ変	詩韻,同音の漢字による書きかえ（高）
かぅしん	亢進	名詞サ変	広韻
かうしん	亢進	名詞サ変	詩韻
かうぞ	カウゾ	名詞	歴史的仮名遣い
かうぞ	楮	名詞	歴史的仮名遣い
かうぢ	麹	名詞	歴史的仮名遣い
かぅでん	香典	名詞	広韻,同音の漢字による書きかえ（典）
かうでん	香典	名詞	詩韻,同音の漢字による書きかえ（典）
かぅでん	香奠	名詞	広韻
かうでん	香奠	名詞	詩韻
かうとうがっかう	高等学校	名詞	詩韻
かうはん	撹拌	名詞サ変	詩韻,簡易慣用字体
かうはん	攪拌	名詞サ変	詩韻
かうふん	興奮	名詞サ変	詩韻,同音の漢字による書きかえ（興）
かぅふん	昂奮	名詞サ変	広韻
かうふん	昂奮	名詞サ変	詩韻
かぅふん	亢奮	名詞サ変	広韻
かうふん	亢奮	名詞サ変	詩韻
かうもり	カウモリ	名詞	歴史的仮名遣い
かうもり	蝙蝠	名詞	歴史的仮名遣い,熟字訓
かうりょく	効力	名詞	詩韻
かうゐ	行為	名詞サ変	詩韻
かえん	火炎	名詞	同音の漢字による書きかえ（炎）
かえん	火焔	名詞
かえん	火焰	名詞
かかづら	係	動詞ハ行四段	歴史的仮名遣い
かかは	関は	動詞ラ行五段	歴史的仮名遣い
かきかへ	書き換へ	動詞一段	歴史的仮名遣い
かくしつ	確執	名詞	慣用音（執）
かくしふ	確執	名詞	詩韻
かくしゅう	確執	名詞
かくとう	格闘	名詞サ変	同音の漢字による書きかえ（格）
かくとう	挌闘	名詞サ変
かくま	匿ま	動詞ハ行四段	歴史的仮名遣い
かこ	囲	動詞ハ行四段	歴史的仮名遣い
かじょうがき	箇条書き	名詞サ変
かじょうがき	個条書き	名詞サ変	同音の漢字による書きかえ（個）
かたう	勝たう	終助詞	歴史的仮名遣い,四段動詞のウ形
かっかう	格好	名詞	詩韻,同音の漢字による書きかえ（格）
がっかう	学校	名詞	詩韻
かっかう	恰好	名詞	詩韻
かっこ	確乎	名詞形動
かっこ	確固	名詞形動	同音の漢字による書きかえ（固）
かっこう	格好	名詞	同音の漢字による書きかえ（格）
かっこう	恰好	名詞
かっし	甲子	名詞
かっぱつ	活溌	名詞形動
かっぱつ	活発	名詞形動	同音の漢字による書きかえ（発）
かっぱつ	活潑	名詞形動
かっぷく	格幅	名詞	同音の漢字による書きかえ（格）
かっぷく	恰幅	名詞
かつゑ	餓ゑ	動詞一段	歴史的仮名遣い
かつゑ	飢ゑ	動詞一段	歴史的仮名遣い
かつを	鰹	名詞	歴史的仮名遣い
かでうがき	箇条書き	名詞サ変	詩韻
かでうがき	個条書き	名詞サ変	詩韻,同音の漢字による書きかえ（個）
かなづかひ	仮名遣ひ	名詞	歴史的仮名遣い
かのぢょ	彼女	名詞	詩韻
かは	川	名詞	歴史的仮名遣い
かは	代は	動詞ラ行五段	歴史的仮名遣い
かば	庇	動詞ハ行四段	歴史的仮名遣い
かは	変は	動詞ラ行五段	歴史的仮名遣い
かはい	かはい	形容詞	歴史的仮名遣い
かはい	可愛	形容詞	歴史的仮名遣い,当て字
かはいさう	かはいさう	名詞形動	歴史的仮名遣い
かはせ	為替	名詞	歴史的仮名遣い
かひしゃう	甲斐性	名詞	歴史的仮名遣い,詩韻
かふし	甲子	名詞	詩韻,慣用読み
がふべん	合弁	名詞	詩韻,同音の漢字による書きかえ（弁）,慣用音（合）
がふべん	合辦	名詞	詩韻,慣用音（合）
かへ	かへ	動詞一段	歴史的仮名遣い
かへ	還	動詞サ行五段	歴史的仮名遣い
かへ	還	動詞ラ行五段	歴史的仮名遣い
かへ	帰	動詞サ行五段	歴史的仮名遣い
かへ	帰	動詞ラ行五段	歴史的仮名遣い
かへ	代へ	動詞一段	歴史的仮名遣い
かへ	変へ	動詞一段	歴史的仮名遣い
かへ	返	動詞サ行五段	歴史的仮名遣い
かへ	返	動詞ラ行五段	歴史的仮名遣い
かへ	孵	動詞サ行五段	歴史的仮名遣い
かへ	孵	動詞ラ行五段	歴史的仮名遣い
かほ	顔	名詞	歴史的仮名遣い
かむすう	関数	名詞	広韻,同音の漢字による書きかえ（関）
かむすう	函数	名詞	広韻
かよ	通	動詞ハ行四段	歴史的仮名遣い
からか	からか	動詞ハ行四段	歴史的仮名遣い
からか	誂	動詞ハ行四段	歴史的仮名遣い
かを	香	動詞ラ行五段	歴史的仮名遣い
かんこう	鉗口	名詞	慣用音（鉗）
かんこうれい	箝口令	名詞	慣用音（箝）
かんじん	肝心	名詞形動	同音の漢字による書きかえ（心）
かんじん	肝腎	名詞形動
かんすう	関数	名詞	同音の漢字による書きかえ（関）
かんすう	函数	名詞
かんろく	貫禄	名詞
かんろく	貫録	名詞	同音の漢字による書きかえ（録）
きいうきょく	喜遊曲	名詞	詩韻,同音の漢字による書きかえ（喜）
きいうきょく	嬉遊曲	名詞	詩韻
きうくゎんてう	九官鳥	名詞	詩韻
きうり	きうり	名詞	歴史的仮名遣い
きうり	キウリ	名詞	歴史的仮名遣い
ぎえん	義援	名詞サ変	同音の漢字による書きかえ（援）
ぎえん	義捐	名詞サ変
きき	喜々	名詞形動	同音の漢字による書きかえ（喜）
きき	嬉々	名詞形動
きしょう	希少	名詞形動	同音の漢字による書きかえ（希）
きしょう	稀少	名詞形動
きせう	希少	名詞形動	詩韻,同音の漢字による書きかえ（希）
きせう	稀少	名詞形動	詩韻
きせき	奇跡	名詞	同音の漢字による書きかえ（跡）
きせき	奇蹟	名詞
きそ	競	動詞ハ行四段	歴史的仮名遣い
きそん	棄損	名詞サ変	同音の漢字による書きかえ（棄）
きそん	毀損	名詞サ変
きづか	気遣	動詞ハ行四段	歴史的仮名遣い
きっこう	桔槹	名詞	慣用音（桔）
きっさ	譎詐	名詞	慣用音（譎）
きのふ	昨日	名詞	歴史的仮名遣い
きはく	気迫	名詞	同音の漢字による書きかえ（迫）
きはく	気魄	名詞
きふしう	吸収	名詞サ変	詩韻
きべん	危弁	名詞	同音の漢字による書きかえ（危）
きべん	奇弁	名詞	同音の漢字による書きかえ（奇）
きべん	詭弁	名詞
きむこ	禁固	名詞サ変	広韻,同音の漢字による書きかえ（固）
きむこ	禁錮	名詞サ変	広韻
きもちわるい	気持悪い	抑制単語
きゃう	強	接尾一般	詩韻
きゃぅえん	饗宴	名詞	広韻
きゃうえん	饗宴	名詞	詩韻
ぎゃうずい	行水	名詞サ変	詩韻
きゃうだい	兄弟	名詞	詩韻
きゆうきょく	喜遊曲	名詞	同音の漢字による書きかえ（喜）
きゆうきょく	嬉遊曲	名詞
きゅぅだう	弓道	名詞	広韻
きゅうだう	弓道	名詞	詩韻
きょぅえん	供宴	名詞	広韻,同音の漢字による書きかえ（供）
きょうえん	供宴	名詞	同音の漢字による書きかえ（供）
きょうえん	饗宴	名詞
ぎょうかく	磽埆	名詞形動	慣用音（磽）
きょうき	兇器	名詞
きょぅき	兇器	名詞	広韻
きょぅき	凶器	名詞	広韻,同音の漢字による書きかえ（凶）
きょうき	凶器	名詞	同音の漢字による書きかえ（凶）
きょうとうほ	橋頭保	名詞	同音の漢字による書きかえ（保）
きょうとうほ	橋頭堡	名詞
きょぅやく	共役	名詞形動	広韻,同音の漢字による書きかえ（役）
きょうやく	共役	名詞形動	同音の漢字による書きかえ（役）
きょうやく	共軛	名詞形動
きょぅやく	共軛	名詞形動	広韻
きょきむ	拠金	名詞サ変	広韻,同音の漢字による書きかえ（拠）
きょきむ	醵金	名詞サ変	広韻
きょきん	拠金	名詞サ変	同音の漢字による書きかえ（拠）
きょきん	醵金	名詞サ変
きょしゅつ	拠出	名詞サ変	同音の漢字による書きかえ（拠）
きょしゅつ	醵出	名詞サ変
ぎょらう	漁労	名詞	詩韻,同音の漢字による書きかえ（労）
ぎょらう	漁撈	名詞	詩韻
ぎょろう	漁労	名詞	同音の漢字による書きかえ（労）
ぎょろう	漁撈	名詞
きら	嫌	動詞ハ行四段	歴史的仮名遣い
ぎりゃう	伎倆	名詞	詩韻
ぎりゃう	技量	名詞	詩韻,同音の漢字による書きかえ（量）
ぎりゃう	技倆	名詞	詩韻
ぎりょう	伎倆	名詞
ぎりょう	技量	名詞	同音の漢字による書きかえ（量）
ぎりょう	技倆	名詞
きんこ	禁固	名詞サ変	同音の漢字による書きかえ（固）
きんこ	禁錮	名詞サ変
きんせい	均整	名詞	同音の漢字による書きかえ（整）
きんせい	均斉	名詞
く	食	動詞ハ行四段	歴史的仮名遣い
くい	悔い	動詞一段	歴史的仮名遣い,「悔ゐる」ではない。
くかく	区画	名詞	同音の漢字による書きかえ（画）
くかく	区劃	名詞
くっさく	掘削	名詞サ変	同音の漢字による書きかえ（削）
くっさく	掘鑿	名詞サ変
くはし	詳し	形容詞	歴史的仮名遣い
くはへ	加へ	動詞一段	歴史的仮名遣い
くみあは	組み合は	動詞サ行五段	歴史的仮名遣い
くみあはせ	組み合はせ	動詞一段	歴史的仮名遣い
くもまく	蜘蛛膜	名詞	慣用読み
くやう	供養	名詞サ変	詩韻
くらゐ	くらゐ	名詞	歴史的仮名遣い
ぐらゐ	ぐらゐ	名詞	歴史的仮名遣い,「くらゐ」の有声化
くらゐ	位	名詞	歴史的仮名遣い
ぐらゐ	位	名詞	歴史的仮名遣い,「くらゐ」の有声化
くる	狂	動詞ハ行四段	歴史的仮名遣い
くれなゐ	紅	名詞	歴史的仮名遣い
くゎ	化	動詞サ行五段	詩韻
くゎいいう	回遊	名詞サ変	詩韻,同音の漢字による書きかえ（遊）
くゎいいう	回游	名詞サ変	詩韻
くゎいぐゎ	絵画	名詞	詩韻
ぐゎいくゎ	外貨	名詞	詩韻
ぐゎいこく	外国	名詞	詩韻
ぐゎいこくかはせ	外国為替	名詞	歴史的仮名遣い,詩韻
ぐゎいせん	外旋	名詞サ変	詩韻
くゎいてん	回転	名詞サ変	詩韻,同音の漢字による書きかえ（回）
くゎいてん	廻転	名詞サ変	詩韻
ぐゎいてん	外転	名詞サ変	詩韻
くゎぅうん	広韻	名詞	広韻
くゎううん	広韻	名詞	詩韻
くゎうくゎう	煌煌	名詞形動	詩韻
くゎうし	鉱滓	名詞	詩韻
くゎぅせき	鉱石	名詞	広韻,同音の漢字による書きかえ（鉱）
くゎうせき	鉱石	名詞	詩韻,同音の漢字による書きかえ（鉱）
くゎぅせき	礦石	名詞	広韻
くゎうせき	礦石	名詞	詩韻
くゎうは	広播	名詞サ変	詩韻
くゎぅはむ	広汎	名詞形動	広韻
くゎぅはむ	広範	名詞形動	広韻,同音の漢字による書きかえ（範）
くゎうはん	広汎	名詞形動	詩韻
くゎうはん	広範	名詞形動	詩韻,同音の漢字による書きかえ（範）
くゎぅほう	広報	名詞	広韻,同音の漢字による書きかえ（広）
くゎうほう	広報	名詞	詩韻,同音の漢字による書きかえ（広）
くゎぅや	広野	名詞	広韻,同音の漢字による書きかえ（広）
くゎうや	広野	名詞	詩韻,同音の漢字による書きかえ（広）
くゎぅや	曠野	名詞	広韻
くゎうや	曠野	名詞	詩韻
くゎぅゐん	広韻	名詞	広韻,慣用音（韻）
くゎうゐん	広韻	名詞	詩韻,慣用音（韻）
くゎえむ	火炎	名詞	広韻,同音の漢字による書きかえ（炎）
くゎえむ	火焔	名詞	広韻
くゎえむ	火焰	名詞	広韻
くゎえん	火炎	名詞	詩韻,同音の漢字による書きかえ（炎）
くゎえん	火焔	名詞	詩韻
くゎえん	火焰	名詞	詩韻
くゎくとく	獲得	名詞サ変	詩韻
くゎし	菓子	名詞	詩韻
くゎっこ	括弧	名詞サ変	詩韻
くゎみんしゃう	過眠症	名詞	詩韻
ぐゎれき	瓦礫	名詞	詩韻
くわゐ	慈姑	名詞	歴史的仮名遣い
くゎんえふ	観葉	名詞	詩韻
くゎんえふしょくぶつ	観葉植物	名詞	詩韻
ぐゎんぐ	玩具	名詞	詩韻
くゎんよう	寛容	名詞	詩韻
くゎんろく	貫禄	名詞	詩韻
くゎんろく	貫録	名詞	詩韻,同音の漢字による書きかえ（録）
くゐそん	棄損	名詞サ変	広韻,同音の漢字による書きかえ（棄）
くゐそん	毀損	名詞サ変	広韻
くゐべん	危弁	名詞	広韻,同音の漢字による書きかえ（危）
くゐべん	詭弁	名詞	広韻
くゐゃぅだい	兄弟	名詞	広韻
ぐゑつえうび	月曜日	名詞	広韻
くゑんくゎ	喧嘩	名詞サ変	広韻
ぐゑんれう	原料	名詞	広韻
ぐゑんわく	幻惑	名詞サ変	広韻,同音の漢字による書きかえ（幻）
ぐゑんわく	眩惑	名詞サ変	広韻
くんかい	訓戒	名詞サ変	同音の漢字による書きかえ（戒）
くんかい	訓誡	名詞サ変
ぐんじゃう	群青	名詞	詩韻
くんじょう	薫蒸	名詞サ変	慣用音（蒸）,同音の漢字による書きかえ（薫）
くんじょぅ	薫蒸	名詞サ変	広韻,慣用音（蒸）,同音の漢字による書きかえ（薫）
くんじょう	燻蒸	名詞サ変	慣用音（蒸）
くんじょぅ	燻蒸	名詞サ変	広韻,慣用音（蒸）
くんせい	薫製	名詞	同音の漢字による書きかえ（薫）
くんせい	燻製	名詞
けいかう	傾向	名詞	詩韻
けぃけん	敬謙	名詞形動	広韻,同音の漢字による書きかえ（謙）
けいけん	敬謙	名詞形動	同音の漢字による書きかえ（謙）
けいけん	敬虔	名詞形動
けぃけん	敬虔	名詞形動	広韻
けいゐ	経緯	名詞	詩韻
けういく	教育	名詞サ変	詩韻
けうしつ	教室	名詞	詩韻
けうじゅ	教授	名詞サ変	詩韻
けうとうほ	橋頭保	名詞	詩韻,同音の漢字による書きかえ（保）
けうとうほ	橋頭堡	名詞	詩韻
げきかぅ	激昂	名詞サ変	広韻,慣用音
げきかう	激昂	名詞サ変	詩韻,慣用音
げきかう	激高	名詞サ変	詩韻,同音の漢字による書きかえ（高）,慣用音（激）
げきこう	激昂	名詞サ変	慣用音
げきこう	激高	名詞サ変	慣用音,同音の漢字による書きかえ（高）
げつえうび	月曜日	名詞	詩韻
けっかい	決壊	名詞サ変	同音の漢字による書きかえ（壊）
けっかい	決潰	名詞サ変
けっき	決起	名詞サ変	同音の漢字による書きかえ（決）
けっき	蹶起	名詞サ変
けっこう	桔槹	名詞
けっさ	譎詐	名詞
けつべつ	決別	名詞サ変	同音の漢字による書きかえ（決）
けつべつ	訣別	名詞サ変
けふ	今日	名詞	歴史的仮名遣い
げふかい	業界	名詞	詩韻
げんか	弦歌	名詞	同音の漢字による書きかえ（弦）
げんか	絃歌	名詞
げんかう	減耗	名詞サ変	詩韻
けんかふこつ	肩甲骨	名詞	詩韻,同音の漢字による書きかえ（甲）
けんかふこつ	肩胛骨	名詞	詩韻
けんくゎ	喧嘩	名詞サ変	詩韻
げんこう	減耗	名詞サ変
けんこう	鉗口	名詞
けんこうこつ	肩甲骨	名詞	同音の漢字による書きかえ（甲）
けんこうこつ	肩胛骨	名詞
けんこうれい	箝口令	名詞
げんぜん	厳然	名詞形動	同音の漢字による書きかえ（厳）
げんぜん	儼然	名詞形動
けんそ	険阻	名詞形動	同音の漢字による書きかえ
けんそ	嶮岨	名詞形動
けんぺいりつ	建坪率	名詞	同音の漢字による書きかえ（坪）
けんぺいりつ	建蔽率	名詞
げんもう	減耗	名詞サ変	慣用音（耗）
げんりゃう	減量	名詞サ変	詩韻
げんれう	原料	名詞	詩韻
げんわく	幻惑	名詞サ変	同音の漢字による書きかえ（幻）
げんわく	眩惑	名詞サ変
こ	乞	動詞ハ行四段	歴史的仮名遣い
こ	恋	動詞ハ行四段	歴史的仮名遣い
こういん	勾引	名詞サ変
こういん	拘引	名詞サ変	同音の漢字による書きかえ（拘）
こううんき	耕運機	名詞	同音の漢字による書きかえ（運）
こううんき	耕耘機	名詞
こうかく	磽埆	名詞形動
こぅけん	貢献	名詞サ変	広韻
こうさ	交叉	名詞サ変
こうさ	交差	名詞サ変	同音の漢字による書きかえ（差）
こうさい	鉱滓	名詞	慣用音（滓）
こうし	甲子	名詞	慣用読み
こうし	鉱滓	名詞
こうじょ	控除	名詞サ変	同音の漢字による書きかえ（控）
こうじょ	扣除	名詞サ変
こうしん	昂進	名詞サ変
こうしん	高進	名詞サ変	同音の漢字による書きかえ（高）
こうしん	亢進	名詞サ変
こうせき	鉱石	名詞	同音の漢字による書きかえ（鉱）
こうせき	礦石	名詞
こうぢょ	控除	名詞サ変	詩韻,同音の漢字による書きかえ（控）
こうぢょ	扣除	名詞サ変	詩韻
こうでん	香典	名詞	同音の漢字による書きかえ（典）
こうでん	香奠	名詞
こうは	広播	名詞サ変
こうはん	広播	名詞サ変	慣用音（播）
こうはん	広汎	名詞形動
こうはん	広範	名詞形動	同音の漢字による書きかえ（範）
こぅふん	興奮	名詞サ変	広韻,同音の漢字による書きかえ（興）
こうふん	興奮	名詞サ変	同音の漢字による書きかえ（興）
こうふん	昂奮	名詞サ変
こうふん	亢奮	名詞サ変
ごうべん	合弁	名詞サ変	同音の漢字による書きかえ（弁）,慣用音（合）
ごうべん	合瓣	名詞サ変	慣用音（合）
ごうべん	合辦	名詞サ変	慣用音（合）
こうほう	広報	名詞	同音の漢字による書きかえ（広）
こうほう	弘報	名詞
こぅほう	弘報	名詞	広韻
こうや	広野	名詞	同音の漢字による書きかえ（広）
こうや	曠野	名詞
こぅわ	講和	名詞サ変	広韻,同音の漢字による書きかえ（講）
こうわ	講和	名詞サ変	同音の漢字による書きかえ（講）
こうわ	媾和	名詞サ変
こかつ	枯渇	名詞サ変	同音の漢字による書きかえ（枯）
こかつ	涸渇	名詞サ変
こしふ	固執	名詞サ変	詩韻
こずゑ	梢	名詞	歴史的仮名遣い
こっかく	骨格	名詞	同音の漢字による書きかえ（格）
こっかく	骨骼	名詞
こっくゎい	国会	名詞	詩韻
ことわ	断	動詞ラ行五段	歴史的仮名遣い,「ことはる」ではない。
こは	こは	形容詞	歴史的仮名遣い
こは	強	形容詞	歴史的仮名遣い
こは	恐	形容詞	歴史的仮名遣い
こは	怖	形容詞	歴史的仮名遣い
ごはふ	語法	名詞	歴史的仮名遣い,漢音,詩韻
こみあ	混み合	動詞ハ行四段	歴史的仮名遣い
こよう	雇傭	名詞サ変
こよぅ	雇傭	名詞サ変	広韻
こよぅ	雇用	名詞サ変	広韻,同音の漢字による書きかえ（用）
こよう	雇用	名詞サ変	同音の漢字による書きかえ（用）
ごゐ	語彙	名詞	詩韻
こゑ	声	名詞	歴史的仮名遣い
こんぜん	混然	名詞形動	同音の漢字による書きかえ（混）
こんぜん	渾然	名詞形動
こんてい	根底	名詞	同音の漢字による書きかえ（底）
こんてい	根柢	名詞
さいはひ	幸ひ	副詞	歴史的仮名遣い
さいはひ	幸ひ	名詞形動	歴史的仮名遣い
ざいれう	材料	名詞	詩韻
さう	さう	副詞	歴史的仮名遣い
さう	さう	名詞形動	歴史的仮名遣い
ざうがん	象眼	名詞サ変	詩韻,同音の漢字による書きかえ（眼）
ざうがん	象嵌	名詞サ変	詩韻
ざうき	臓器	名詞	詩韻
さうこく	相克	名詞サ変	詩韻,同音の漢字による書きかえ（克）
さうこく	相剋	名詞サ変	詩韻
さうざう	創造	名詞サ変	詩韻
さうば	相場	名詞	詩韻
さぅひむ	贓品	名詞	広韻
ざぅひむ	贓品	名詞	広韻,慣用音（贓）
さぅひむ	賍品	名詞	広韻,俗字（賍）
ざぅひむ	賍品	名詞	広韻,俗字（賍）,慣用音（賍）
さうひん	贓品	名詞	詩韻
ざうひん	贓品	名詞	詩韻,慣用音（贓）
さうひん	賍品	名詞	詩韻,俗字（賍）
ざうひん	賍品	名詞	詩韻,俗字（賍）,慣用音（賍）
さうめつ	掃滅	名詞サ変	詩韻,同音の漢字による書きかえ（掃）
さうめつ	剿滅	名詞サ変	詩韻
さくがむ	削岩	名詞サ変	広韻,同音の漢字による書きかえ（削）
さくがむ	鑿岩	名詞サ変	広韻
さくがん	削岩	名詞サ変	同音の漢字による書きかえ（削）
さくがん	鑿岩	名詞サ変
さくさん	酢酸	名詞	同音の漢字による書きかえ（酢）
さくさん	醋酸	名詞
さざんか	山茶花	名詞	慣用読み
ざし	坐視	名詞サ変
ざし	座視	名詞サ変	同音の漢字による書きかえ（座）
さっさうと	颯爽と	副詞	詩韻
さっすい	撒水	名詞サ変
さっすい	散水	名詞サ変	同音の漢字による書きかえ（散）
ざったう	雑鬧	名詞サ変	詩韻,慣用音（鬧）
ざったふ	雑沓	名詞サ変	詩韻
ざったふ	雑踏	名詞サ変	詩韻,同音の漢字による書きかえ（踏）
ざっとう	雑沓	名詞
ざっとう	雑踏	名詞	同音の漢字による書きかえ（踏）
ざっとう	雑鬧	名詞	同音の漢字による書きかえ（鬧）
ざふき	雑木	名詞	詩韻
ざふきん	雑巾	名詞	詩韻
さふにふ	挿入	名詞サ変	詩韻
さむさろ	三叉路	名詞	広韻
さむさろ	三差路	名詞	広韻,同音の漢字による書きかえ（差）
さやうなら	さやうなら	感動詞	歴史的仮名遣い
さら	さら	動詞ハ行四段	歴史的仮名遣い
さら	浚	動詞ハ行四段	歴史的仮名遣い
さを	竿	名詞	歴史的仮名遣い
さんざか	山茶花	名詞
さんさろ	三叉路	名詞
さんさろ	三差路	名詞	同音の漢字による書きかえ（差）
さんじ	讃辞	名詞
さんじ	賛辞	名詞	同音の漢字による書きかえ（賛）
さんすい	撒水	名詞サ変	慣用音（撒）
さんせき	霰石	名詞	慣用音（霰）
し	弑	動詞サ変
しい	弑	動詞サ変	慣用音
しいぎゃく	弑虐	名詞サ変	慣用音（弑）
しいぎゃく	弑逆	名詞サ変	慣用音（弑）
しう	週	助数詞	歴史的仮名遣い
しうかん	週間	助数詞	詩韻
しうしふ	収集	名詞サ変	詩韻,同音の漢字による書きかえ（収）
しうしふ	蒐集	名詞サ変	詩韻
しうしょく	就職	名詞サ変	詩韻
しうそく	収束	名詞サ変	詩韻
じうだう	柔道	名詞	詩韻
しうにふ	収入	名詞	詩韻
しうん	詩韻	名詞	詩韻
しかく	刺客	名詞	慣用読み
しきご	識語	名詞	慣用音（識）
しぎゃく	弑虐	名詞サ変
しぎゃく	弑逆	名詞サ変
しきゐ	敷居	名詞	歴史的仮名遣い
しげき	刺戟	名詞サ変
しげき	刺激	名詞サ変	同音の漢字による書きかえ（激）
しご	識語	名詞
しせつ	至切	名詞形動	品詞?
した	慕	動詞ハ行四段	歴史的仮名遣い
したい	屍体	名詞
したい	死体	名詞	同音の漢字による書きかえ（死）
したが	従	動詞ハ行四段	歴史的仮名遣い
しちぐさ	質種	名詞
しちぐさ	質草	名詞	同音の漢字による書きかえ（草）
しぢょ	子女	名詞	詩韻
じっきゃう	実況	名詞サ変	詩韻
じっくゐゃぅ	実況	名詞サ変	広韻
しはら	支払	動詞ハ行四段	歴史的仮名遣い
しばゐ	芝居	名詞	歴史的仮名遣い
しはん	紫斑	名詞
しはん	紫班	名詞	同音の漢字による書きかえ（班）
じふ	十	数	詩韻
しふちゅう	集中	名詞サ変	詩韻
じふぶん	十分	副詞	詩韻
じふぶん	十分	名詞形動	詩韻
しふらく	集落	名詞	詩韻,同音の漢字による書きかえ（集）
しほ	塩	名詞	歴史的仮名遣い
しほさゐ	潮騒	名詞	歴史的仮名遣い
しむぱく	心拍	名詞サ変	広韻,同音の漢字による書きかえ（拍）
しむぱく	心搏	名詞サ変	広韻
しゃうがい	障害	名詞	詩韻,同音の漢字による書きかえ（害）
しゃうがい	障碍	名詞	詩韻
じゃうし	上梓	名詞サ変	詩韻
じゃうしょ	情緒	名詞	詩韻
しゃうじん	精進	名詞サ変	詩韻
じゃぅはう	情報	名詞	広韻
じゃうはう	情報	名詞	詩韻
じゃぅはうまぅ	情報網	名詞	広韻
じゃうはうまう	情報網	名詞	詩韻
しゃうへき	障壁	名詞	詩韻,同音の漢字による書きかえ（障）
しゃうへき	牆壁	名詞	詩韻
しゃうゆ	醤油	名詞	詩韻
しやく	杓	動詞ハ行四段	歴史的仮名遣い
じゃそく	蛇足	名詞形動
しゃとう	蔗糖	名詞
しゃふつ	煮沸	名詞サ変	慣用音（煮）
しゃりゃう	車両	名詞	詩韻,同音の漢字による書きかえ（両）
しゃりゃう	車輛	名詞	詩韻
しゃりょう	車両	名詞	同音の漢字による書きかえ（両）
しゃりょう	車輛	名詞
しゅうしゅう	収集	名詞サ変	同音の漢字による書きかえ（収）
しゅうしゅう	蒐集	名詞サ変
しゅうそく	終息	名詞サ変	同音の漢字による書きかえ（息）
しゅうそく	終熄	名詞サ変
しゅうらく	集落	名詞	同音の漢字による書きかえ（集）
しゅうらく	聚落	名詞
しゅえい	輸贏	名詞
しゅさん	趨参	名詞サ変	品詞?
しゅしゅつ	輸出	名詞サ変
しゅする	輸する	動詞サ変
しゅそ	輸租	名詞
しゅっしゃぅ	出生	名詞サ変	広韻
しゅっしゃう	出生	名詞サ変	詩韻
しゅつのう	出納	名詞サ変
しゅにゅう	輸入	名詞サ変
しゅのう	輸納	名詞
じゅんか	順化	名詞サ変	同音の漢字による書きかえ（順）
じゅんか	馴化	名詞サ変
じゅんくゎ	順化	名詞サ変	詩韻,同音の漢字による書きかえ（順）
じゅんくゎ	馴化	名詞サ変	詩韻
じゅんしゅ	遵守	名詞サ変	慣用音（遵）
じゅんしゅ	順守	名詞サ変	同音の漢字による書きかえ（順）
じゅんぱふ	遵法	名詞	詩韻,慣用音（遵）
じゅんぱふ	順法	名詞	詩韻,同音の漢字による書きかえ（順）
じゅんぽう	遵法	名詞	慣用音（遵）
じゅんぽう	順法	名詞	同音の漢字による書きかえ（順）
じゅんぼく	純朴	名詞形動	同音の漢字による書きかえ（純）,慣用音（朴）
じゅんぼく	醇朴	名詞形動	慣用音（朴）
しゅんめ	俊馬	名詞	同音の漢字による書きかえ（俊）
しゅんめ	駿馬	名詞
しょう	稱	動詞サ行五段
しょうがい	障害	名詞	同音の漢字による書きかえ（害）
しょうがい	障碍	名詞
しょうじょ	昇叙	名詞サ変	同音の漢字による書きかえ（昇）
しょうじょ	陞叙	名詞サ変
じょぅぜつ	冗舌	名詞形動	広韻,同音の漢字による書きかえ（冗）
じょうぜつ	冗舌	名詞形動	同音の漢字による書きかえ（冗）
じょうぜつ	饒舌	名詞形動
しょうそう	焦燥	名詞	同音の漢字による書きかえ（燥）
しょうそう	焦躁	名詞
じょうちゅう	条虫	名詞	同音の漢字による書きかえ（条）
じょうちゅう	絛虫	名詞
しょうへき	障壁	名詞	同音の漢字による書きかえ（障）
しょうへき	牆壁	名詞
じょうりう	蒸溜	名詞サ変	詩韻
じょうりう	蒸留	名詞サ変	詩韻,同音の漢字による書きかえ（留）
じょうりゅう	蒸溜	名詞サ変
じょうりゅう	蒸留	名詞サ変	同音の漢字による書きかえ（留）
しょうりょう	秤量	名詞サ変
しょぅりょう	秤量	名詞サ変	広韻
しょかん	書簡	名詞	同音の漢字による書きかえ（簡）
しょかん	書翰	名詞
しょくじ	食餌	名詞サ変
しょくじ	食事	名詞サ変	同音の漢字による書きかえ（事）
じょじゃう	叙情的	名詞形動	詩韻,同音の漢字による書きかえ（叙）
じょじゃう	抒情	名詞	詩韻
じょじゃうてき	叙情	名詞	詩韻,同音の漢字による書きかえ（叙）
じょじゃうてき	抒情的	名詞形動	詩韻
じょじょう	叙情	名詞	同音の漢字による書きかえ（叙）
じょじょう	抒情	名詞
じょじょうてき	叙情的	名詞形動	同音の漢字による書きかえ（叙）
じょじょうてき	抒情的	名詞形動
しょとう	蔗糖	名詞	慣用音（蔗）
しょふつ	煮沸	名詞サ変
しりあ	知り合	動詞ハ行四段	歴史的仮名遣い
しりあはう	知り合はう	終助詞	歴史的仮名遣い,四段動詞のウ形
しりあひ	知り合ひ	名詞	歴史的仮名遣い
しれん	試煉	名詞
しれん	試練	名詞	同音の漢字による書きかえ（練）
じゐ	自慰	名詞サ変	詩韻
しゐん	詩韻	名詞	詩韻,慣用音（韻）
しをらし	しをらし	形容詞	歴史的仮名遣い
しをり	栞	名詞	歴史的仮名遣い
しをれ	萎れ	動詞一段	歴史的仮名遣い
しんしょく	侵食	名詞サ変	同音の漢字による書きかえ
しんしょく	浸蝕	名詞サ変
しんせん	新撰	名詞サ変
しんせん	新選	名詞サ変	同音の漢字による書きかえ（選）
しんちゃう	伸暢	名詞サ変	詩韻
しんちゃう	伸長	名詞サ変	詩韻,同音の漢字による書きかえ（長）
しんちょう	伸暢	名詞サ変
しんちょう	伸長	名詞サ変	同音の漢字による書きかえ（長）
しんとう	浸透	名詞サ変	同音の漢字による書きかえ（浸）
しんとう	滲透	名詞サ変
しんぱく	心拍	名詞	同音の漢字による書きかえ（拍）
しんぱく	心搏	名詞
じんもん	尋問	名詞サ変	同音の漢字による書きかえ（尋）
じんもん	訊問	名詞サ変
す	吸	動詞ハ行四段	歴史的仮名遣い
すいたい	衰退	名詞サ変	同音の漢字による書きかえ（退）
すいたい	衰頽	名詞サ変
すいとう	出納	名詞サ変	呉音（出）,慣用音（納）
すいみん	睡眠	名詞サ変	慣用音（眠）
すいめん	睡眠	名詞サ変
すうさん	趨参	名詞サ変	品詞?,慣用音（趨）
すぎはひ	生業	名詞	歴史的仮名遣い
すく	掬	動詞ハ行四段	歴史的仮名遣い
すく	抄	動詞ハ行四段	歴史的仮名遣い
すく	巣食	動詞ハ行四段	歴史的仮名遣い
ずざん	杜撰	名詞形動
ずさん	杜撰	名詞形動	慣用音（撰）
すゑ	据ゑ	動詞一段	歴史的仮名遣い
すゑ	末	名詞	歴史的仮名遣い
せいかなづかひ	正仮名遣ひ	名詞	歴史的仮名遣い
せうかい	紹介	名詞サ変	詩韻
せうかう	消耗	名詞サ変	詩韻
せうがっかう	小学校	名詞	詩韻
せうきゃく	消却	名詞サ変	詩韻,同音の漢字による書きかえ（消）
せうきゃく	銷却	名詞サ変	詩韻
せうくゎい	照会	名詞サ変	詩韻
せうさう	焦燥	名詞	詩韻,同音の漢字による書きかえ（燥）
せうさう	焦躁	名詞	詩韻
ぜうぜつ	饒舌	名詞形動	詩韻
せうそく	消息	名詞	詩韻
せうぢょ	少女	名詞	詩韻
せうほん	抄本	名詞	詩韻
せうゆ	醤油	名詞	詩韻,許容仮名遣
せうわ	昭和	名詞	詩韻
せお	背負	動詞ハ行四段	歴史的仮名遣い
せかいぢゅう	世界中	名詞	詩韻
せきけい	夕景	名詞
せっかく	刺客	名詞
せっけい	夕景	名詞
せつりつ	設立	名詞サ変	慣用音（立）
せつりゅう	設立	名詞サ変
せふたく	妾宅	名詞	詩韻
せゐ	せゐ	名詞	歴史的仮名遣い
せんえい	先鋭	名詞	同音の漢字による書きかえ（先）
せんえい	尖鋭	名詞
せんかう	選考	名詞サ変	詩韻,同音の漢字による書きかえ
せんかう	銓衡	名詞サ変	詩韻
せんこう	選考	名詞サ変	同音の漢字による書きかえ
せんこう	銓衡	名詞サ変
せんしう	撰修	名詞サ変	詩韻
せんしう	選修	名詞サ変	詩韻,同音の漢字による書きかえ（選）
せんしふ	撰集	名詞	詩韻
せんしふ	選集	名詞	詩韻,同音の漢字による書きかえ（選）
せんじゃ	撰者	名詞
せんじゃ	選者	名詞	同音の漢字による書きかえ（選）
せんじゃう	扇情	名詞	詩韻,同音の漢字による書きかえ（扇）
せんじゃぅ	洗浄	名詞サ変	広韻,同音の漢字による書きかえ（浄）
せんじゃう	洗浄	名詞サ変	詩韻,同音の漢字による書きかえ（浄）
せんじゃう	煽情	名詞	詩韻
せんじゃうてき	扇情的	名詞形動	詩韻,同音の漢字による書きかえ（扇）
せんじゃうてき	煽情的	名詞形動	詩韻
せんしゅう	撰修	名詞サ変
せんしゅう	撰集	名詞
せんしゅう	選修	名詞サ変	同音の漢字による書きかえ（選）
せんしゅう	選集	名詞	同音の漢字による書きかえ（選）
せんじょう	扇情	名詞	同音の漢字による書きかえ（扇）
せんじょう	洗浄	名詞サ変	同音の漢字による書きかえ（浄）
せんじょう	洗滌	名詞サ変	慣用音（滌）
せんじょう	煽情	名詞
せんせき	霰石	名詞
せんだん	専断	名詞サ変	同音の漢字による書きかえ（専）
せんだん	専断	名詞形動	同音の漢字による書きかえ（専）
せんだん	擅断	名詞サ変
せんだん	擅断	名詞形動
せんでう	洗滌	名詞サ変	詩韻,慣用音（滌）
せんでき	洗滌	名詞サ変
せんぺい	先兵	名詞	同音の漢字による書きかえ（先）
せんぺい	尖兵	名詞
せんぼつ	戦没	名詞サ変	同音の漢字による書きかえ（没）
せんぼつ	戦歿	名詞サ変
せんゐ	繊維	名詞	詩韻
そ	添	動詞ハ行四段	歴史的仮名遣い
そうがふ	総合	名詞サ変	詩韻,同音の漢字による書きかえ（総）
そうがふ	綜合	名詞サ変	詩韻
ぞうがん	象眼	名詞	同音の漢字による書きかえ（眼）
ぞうがん	象嵌	名詞
そうごう	総合	名詞サ変	同音の漢字による書きかえ（総）
そうごう	綜合	名詞サ変
そうこく	相克	名詞サ変	同音の漢字による書きかえ（克）
そうこく	相剋	名詞サ変
そうひん	贓品	名詞
ぞうひん	贓品	名詞	慣用音（贓）
そうひん	賍品	名詞	俗字（賍）
ぞうひん	賍品	名詞	俗字（賍）,慣用音（賍）
そうめつ	掃滅	名詞サ変	同音の漢字による書きかえ（掃）
そうめつ	剿滅	名詞サ変
ぞうりゃう	増量	名詞サ変	詩韻
そぐ	そぐ	動詞ハ行四段	歴史的仮名遣い
ぞくせい	族生	名詞サ変	同音の漢字による書きかえ（族）
ぞくせい	簇生	名詞サ変
そけつがふ	疎結合	名詞形動	詩韻
そけつごう	疎結合	名詞形動
そこな	損な	動詞ハ行四段	歴史的仮名遣い
そし	阻止	名詞サ変	同音の漢字による書きかえ（阻）
そし	沮止	名詞サ変
そつう	疏通	名詞サ変
そつう	疎通	名詞サ変	同音の漢字による書きかえ（疎）
そつげふ	卒業	名詞サ変	詩韻
そなは	備は	動詞ラ行五段	歴史的仮名遣い
そへ	添へ	動詞一段	歴史的仮名遣い
そろ	揃	動詞ハ行四段	歴史的仮名遣い
そろへ	揃へ	動詞一段	歴史的仮名遣い
たいかん	兌換	名詞サ変
たいしょ	対蹠	名詞形動	慣用音（蹠）
たいしょく	退色	名詞サ変	同音の漢字による書きかえ（退）
たいしょく	褪色	名詞サ変
たいせき	対蹠	名詞形動
たいぢ	対峙	名詞サ変	詩韻
たいとう	台頭	名詞サ変	同音の漢字による書きかえ（台）
たいとう	擡頭	名詞サ変
たうげ	峠	名詞	歴史的仮名遣い
たうしふ	蹈襲	名詞サ変	詩韻
たぅせむ	当選	名詞サ変	広韻,同音の漢字による書きかえ（選）（「選挙で選ばれること」の意味で使われる場合は除く。）
たぅせむ	当籤	名詞サ変	広韻
たうせん	当選	名詞サ変	詩韻,同音の漢字による書きかえ（選）（「選挙で選ばれること」の意味で使われる場合は除く。）
たうせん	当籤	名詞サ変	詩韻
たうてい	到底	副詞	詩韻
たうとう	たうとう	副詞	歴史的仮名遣い
だうにふ	導入	名詞サ変	詩韻
たうゑ	田植ゑ	名詞	歴史的仮名遣い
たかねのはな	高根の花	名詞	同音の漢字による書きかえ（根）
たかねのはな	高嶺の花	名詞
たがひ	互ひ	名詞	歴史的仮名遣い
たがひに	互ひに	副詞	歴史的仮名遣い
だかん	兌換	名詞サ変	慣用音（兌）
だきゃう	妥協	名詞サ変	詩韻
だけふ	妥協	名詞サ変	詩韻
だそく	蛇足	名詞形動	慣用音（蛇）
ただよ	漂	動詞ハ行四段	歴史的仮名遣い
たとへ	例へ	動詞一段	歴史的仮名遣い
たとへば	例へば	副詞	歴史的仮名遣い
たはむれ	戯れ	動詞一段	歴史的仮名遣い
たひ	鯛	名詞	歴史的仮名遣い
たふ	倒	動詞サ行五段	歴史的仮名遣い
たふしふ	踏襲	名詞サ変	詩韻,同音の漢字による書きかえ（踏）
たふと	貴	形容詞	歴史的仮名遣い
たふと	貴	動詞バ行五段	歴史的仮名遣い
たふと	尊	形容詞	歴史的仮名遣い
たふと	尊	動詞バ行五段	歴史的仮名遣い
たふれ	倒れ	動詞一段	歴史的仮名遣い
たま	給	動詞ハ行四段	歴史的仮名遣い
たま	賜	動詞ハ行四段	歴史的仮名遣い
たまは	賜	動詞ラ行五段	歴史的仮名遣い
たゆた	たゆた	動詞ハ行四段	歴史的仮名遣い
たゆた	揺蕩	動詞ハ行四段	歴史的仮名遣い,熟字訓
たを	手折	動詞ラ行五段	歴史的仮名遣い
たをやか	たをやか	名詞形動	歴史的仮名遣い
たをやめ	手弱女	名詞	歴史的仮名遣い
たんあ	丹堊	名詞	慣用音（堊）
たんあく	丹堊	名詞
たんがん	嘆願	名詞サ変	同音の漢字による書きかえ（嘆）
たんがん	歎願	名詞サ変
だんき	暖気	名詞	慣用読み
たんぐゎん	嘆願	名詞サ変	詩韻,同音の漢字による書きかえ（嘆）
たんぐゎん	歎願	名詞サ変	詩韻
だんこ	断乎	名詞形動
だんこ	断固	名詞形動	同音の漢字による書きかえ（固）
だんさい	断截	名詞サ変	慣用音（截）
だんせつ	断截	名詞サ変
だんばう	暖房	名詞	詩韻,同音の漢字による書きかえ（暖）
だんばう	煖房	名詞	詩韻
だんぼう	暖房	名詞	同音の漢字による書きかえ（暖）
だんぼう	煖房	名詞
たんよく	貪欲	名詞形動
ぢいさん	ぢいさん	名詞	歴史的仮名遣い
ちうくゎ	肘窩	名詞	詩韻
ちうせむ	抽選	名詞サ変	広韻,同音の漢字による書きかえ（選）
ちうせむ	抽籤	名詞サ変	広韻
ちうせん	抽選	名詞サ変	詩韻,同音の漢字による書きかえ（選）
ちうせん	抽籤	名詞サ変	詩韻
ちえ	知恵	名詞	同音の漢字による書きかえ
ちえ	智慧	名詞
ちが	違	動詞ハ行四段	歴史的仮名遣い
ちくてん	逐電	名詞サ変
ちくでん	逐電	名詞サ変	呉音（電）
ぢしん	地震	名詞	詩韻
ちちゅまく	蜘蛛膜	名詞
ちひさ	小さ	形容詞	歴史的仮名遣い
ちひさげ	小さげ	名詞形動	歴史的仮名遣い
ちひさな	小さな	連体詞	歴史的仮名遣い
ちゃうど	丁度	名詞	詩韻
ぢゃな	ぢゃな	形容詞	歴史的仮名遣い,「ではない」の転
ぢゅうえう	重要	名詞形動	詩韻
ちゅうしゃく	注釈	名詞サ変	同音の漢字による書きかえ（注）,慣用音（注）
ちゅうしゃく	註釈	名詞サ変
ちゅうせん	抽選	名詞サ変	同音の漢字による書きかえ（選）
ちゅうせん	抽籤	名詞サ変
ちゅうとう	偸盗	名詞	慣用音（偸）
ちょうかん	鳥観	名詞サ変	同音の漢字による書きかえ（観）
ちょうかん	鳥瞰	名詞サ変
ぢょし	女子	名詞	詩韻
ぢょじ	女児	名詞	詩韻
ぢょせい	女性	名詞	詩韻
ちゑ	知恵	名詞	詩韻
ちゑ	智慧	名詞	詩韻
ちんでん	沈殿	名詞サ変	同音の漢字による書きかえ（殿）
ちんでん	沈澱	名詞サ変
つか	遣	動詞ハ行四段	歴史的仮名遣い
づか	遣	動詞ハ行四段	歴史的仮名遣い,「つかふ」の有声化
つか	使	動詞ハ行四段	歴史的仮名遣い
づか	使	動詞ハ行四段	歴史的仮名遣い,「つかふ」の有声化
つかっちゃ	使っちゃ	動詞ハ行四段	歴史的仮名遣い,「使ってしまふ」の転
つかは	遣は	動詞サ行五段	歴史的仮名遣い
つかへ	使へ	動詞一段	歴史的仮名遣い
つきそ	付き添	動詞ハ行四段	歴史的仮名遣い
つぐな	償	動詞ハ行四段	歴史的仮名遣い
つくろ	繕	動詞ハ行四段	歴史的仮名遣い
つたへ	傳へ	動詞一段	歴史的仮名遣い,旧漢字
づつ	づつ	助数詞	歴史的仮名遣い
つど	集	動詞ハ行四段	歴史的仮名遣い
づなう	頭脳	名詞	詩韻
つゑ	杖	名詞	歴史的仮名遣い
であ	出会	動詞ハ行四段	歴史的仮名遣い
ていしょく	抵触	名詞サ変	同音の漢字による書きかえ（抵）
ていしょく	牴触	名詞サ変
ていしょく	觝触	名詞サ変
ていちょう	丁重	名詞形動	同音の漢字による書きかえ（丁）
ていちょう	鄭重	名詞形動
てぃねぃ	丁寧	名詞	広韻
ていねい	丁寧	名詞形動	同音の漢字による書きかえ
ていねい	叮嚀	名詞形動
てぃねぃご	丁寧語	名詞	広韻
ていはく	停泊	名詞サ変	同音の漢字による書きかえ（停）
ていはく	碇泊	名詞サ変
でうかぅ	条項	名詞	広韻
でうかう	条項	名詞	詩韻
てうかむ	鳥観	名詞サ変	広韻,同音の漢字による書きかえ（観）
てうかむ	鳥瞰	名詞サ変	広韻
てうかん	鳥観	名詞サ変	詩韻,同音の漢字による書きかえ（観）
てうかん	鳥瞰	名詞サ変	詩韻
でうちゅぅ	条虫	名詞	広韻,同音の漢字による書きかえ（条）
でうちゅう	条虫	名詞	詩韻,同音の漢字による書きかえ（条）
でうちゅぅ	絛虫	名詞	広韻
でうちゅう	絛虫	名詞	詩韻
でうもく	条目	名詞	詩韻
てうゑつ	超越	名詞サ変	詩韻
てきたう	適当	名詞形動	詩韻
でくは	出くは	動詞サ行五段	歴史的仮名遣い
でくは	出会	動詞サ行五段	歴史的仮名遣い
てちゃう	手帳	名詞	詩韻,同音の漢字による書きかえ（帳）
てちょう	手帖	名詞
てちょう	手帳	名詞	同音の漢字による書きかえ（帳）
でつぞう	捏造	名詞サ変
てつだ	手伝	動詞ハ行四段	歴史的仮名遣い
ててふ	手帖	名詞	詩韻
てふ	蝶	名詞	歴史的仮名遣い
でふご	畳語	名詞	詩韻
てんたう	転倒	名詞サ変	詩韻,同音の漢字による書きかえ（転）
てんたう	顛倒	名詞サ変	詩韻
てんたう	顚倒	名詞サ変	詩韻
てんてんはんそく	展転反側	名詞サ変	同音の漢字による書きかえ（展）
てんてんはんそく	輾転反側	名詞サ変
てんとう	転倒	名詞サ変	同音の漢字による書きかえ（転）
てんとう	顛倒	名詞サ変
てんとう	顚倒	名詞サ変
でんぶ	殿部	名詞	同音の漢字による書きかえ（殿）
でんぶ	臀部	名詞	慣用音（臀）
と	問	動詞ハ行四段	歴史的仮名遣い
どうがまへ	冂	名詞	歴史的仮名遣い
とうきゃう	東京	名詞	詩韻
とうきゃうと	東京都	名詞	詩韻
どうじゃう	同情	名詞サ変	詩韻
とうしゅう	踏襲	名詞サ変	同音の漢字による書きかえ（踏）
とうしゅう	蹈襲	名詞サ変
とうせん	当選	名詞サ変	同音の漢字による書きかえ（選）
とうせん	当籤	名詞サ変
とうとう	偸盗	名詞
どうどう	呶呶	名詞サ変
とうへう	投票	名詞サ変	詩韻
どえうび	土曜日	名詞	詩韻
どぜう	ドジャウ	名詞	歴史的仮名遣い,許容仮名遣
どぜう	泥鰌	名詞	詩韻,許容仮名遣
どぜう	鰌	名詞	詩韻,許容仮名遣
とぜつ	杜絶	名詞サ変
とぜつ	途絶	名詞サ変	同音の漢字による書きかえ（途）
とぢ	綴ぢ	動詞一段	歴史的仮名遣い
とぢ	閉ぢ	動詞一段	歴史的仮名遣い
どぢゃう	ドジャウ	名詞	歴史的仮名遣い
どぢゃう	泥鰌	名詞	詩韻
どぢゃう	鰌	名詞	詩韻
どど	呶呶	名詞サ変	慣用音（呶）
ととの	整	動詞ハ行四段	歴史的仮名遣い
とほ	遠	形容詞	歴史的仮名遣い
とほたふみ	遠江	名詞	歴史的仮名遣い
とむら	弔	動詞ハ行四段	歴史的仮名遣い
ともな	伴	動詞ハ行四段	歴史的仮名遣い
ともゑ	巴	名詞	歴史的仮名遣い
とらへ	捉へ	動詞一段	歴史的仮名遣い
とりあへず	とりあへず	副詞	歴史的仮名遣い
とりあへず	取り敢へず	副詞	歴史的仮名遣い
とりあへずの	とりあへずの	連体詞	歴史的仮名遣い
とりあへずの	取り敢へずの	連体詞	歴史的仮名遣い
とりつくろ	取り繕	動詞ハ行四段	歴史的仮名遣い
とりゐ	鳥居	名詞	歴史的仮名遣い
とを	十	名詞	歴史的仮名遣い
どんよく	貪欲	名詞形動	慣用音（貪）
な	爲	動詞サ行五段	旧漢字
な	綯	動詞ハ行四段	歴史的仮名遣い
ないはう	内包	名詞サ変	詩韻
なう	脳	名詞	詩韻
なぞら	準	動詞ハ行四段	歴史的仮名遣い
なほ	なほ	副詞	歴史的仮名遣い
なほ	治	動詞サ行五段	歴史的仮名遣い
なほ	治	動詞ラ行五段	歴史的仮名遣い
なほ	直	動詞サ行五段	歴史的仮名遣い
なほ	直	動詞ラ行五段	歴史的仮名遣い
なら	習	動詞ハ行四段	歴史的仮名遣い
なら	倣	動詞ハ行四段	歴史的仮名遣い
なりはひ	家業	名詞	歴史的仮名遣い
なりはひ	生業	名詞	歴史的仮名遣い
にちえうび	日曜日	名詞	詩韻
にちじゃう	日常	名詞	詩韻
にな	担	動詞ハ行四段	歴史的仮名遣い
にはとり	にはとり	名詞	歴史的仮名遣い
にはとり	ニハトリ	名詞	歴史的仮名遣い
にはとり	鶏	名詞	歴史的仮名遣い
にふりょく	入力	名詞サ変	詩韻
にふゐん	入院	名詞サ変	詩韻
にほ	臭	動詞ハ行四段	歴史的仮名遣い
にほ	匂	動詞ハ行四段	歴史的仮名遣い
ぬぐ	拭	動詞ハ行四段	歴史的仮名遣い
ねが	願	動詞ハ行四段	歴史的仮名遣い
ねぎら	労	動詞ハ行四段	歴史的仮名遣い
ねぢ	ネヂ	名詞	歴史的仮名遣い
ねつぞう	捏造	名詞サ変	慣用音（捏）
ねら	狙	動詞ハ行四段	歴史的仮名遣い
のろ	呪	動詞ハ行四段	歴史的仮名遣い
のんき	暖気	名詞
は	羽	助数詞	歴史的仮名遣い
はいきょ	廃虚	名詞	同音の漢字による書きかえ（虚）
はいきょ	廃墟	名詞
はいくゎい	徘徊	名詞サ変	詩韻
はいしょく	罷職	名詞
はいとく	背徳	名詞	同音の漢字による書きかえ（背）
はいとく	悖徳	名詞
はいとくてき	背徳的	名詞形動	同音の漢字による書きかえ（背）
はいとくてき	悖徳的	名詞形動
ばいべん	買弁	名詞	同音の漢字による書きかえ（弁）
ばいべん	買辦	名詞
はう	はう	名詞	歴史的仮名遣い
はう	方	名詞	歴史的仮名遣い
ばぅあつ	防圧	名詞サ変	広韻,同音の漢字による書きかえ（圧）
ばうあつ	防圧	名詞サ変	詩韻,同音の漢字による書きかえ（圧）
ばぅあつ	防遏	名詞サ変	広韻
ばうあつ	防遏	名詞サ変	詩韻
はうき	放棄	名詞サ変	詩韻,同音の漢字による書きかえ（放）
はうき	抛棄	名詞サ変	詩韻
ばうぎょ	防禦	名詞サ変	詩韻
ばうぎょ	防御	名詞サ変	詩韻,同音の漢字による書きかえ（御）
はぅじゅん	芳純	名詞形動	広韻,同音の漢字による書きかえ（純）
はうじゅん	芳純	名詞形動	詩韻,同音の漢字による書きかえ（純）
はぅじゅん	芳醇	名詞形動	広韻
はうじゅん	芳醇	名詞形動	詩韻
はうたい	包帯	名詞	詩韻,同音の漢字による書きかえ（包）
ばぅだい	膨大	名詞形動	広韻,同音の漢字による書きかえ（膨）,慣用音（膨）
ばうだい	膨大	名詞形動	詩韻,同音の漢字による書きかえ（膨）
ばぅだい	厖大	名詞形動	広韻
ばうだい	厖大	名詞形動	詩韻
はうたい	繃帯	名詞	詩韻
はうちゃう	包丁	名詞	詩韻,同音の漢字による書きかえ（包）
はうちゃう	庖丁	名詞	詩韻
ばぅちゃぅ	膨張	名詞サ変	広韻,同音の漢字による書きかえ（張）
ばうちゃう	膨張	名詞サ変	詩韻,同音の漢字による書きかえ（張）
ばぅちゃぅ	膨脹	名詞サ変	広韻
ばうちゃう	膨脹	名詞サ変	詩韻
はうはふ	方法	名詞	詩韻
はうむ	葬	動詞ラ行五段	歴史的仮名遣い
はうゐ	包囲	名詞	詩韻
はうゐ	方位	名詞	詩韻
ばうゑい	防衛	名詞サ変	詩韻
はき	破棄	名詞サ変	同音の漢字による書きかえ（棄）
はき	破毀	名詞サ変
はくあ	白亜	名詞	同音の漢字による書きかえ（亜）
はくあ	白堊	名詞	慣用音（堊）
はくあく	白堊	名詞
はくどう	拍動	名詞	慣用音（動）,同音の漢字による書きかえ（拍）
はくどう	搏動	名詞	慣用音（動）
ばくろ	曝露	名詞サ変
ばくろ	暴露	名詞サ変	同音の漢字による書きかえ（暴）
はさい	破砕	名詞サ変	同音の漢字による書きかえ（砕）
はさい	破摧	名詞サ変
はぢ	恥ぢ	動詞一段	歴史的仮名遣い
はぢら	恥ぢら	動詞ハ行四段	歴史的仮名遣い
はぢら	羞ぢら	動詞ハ行四段	歴史的仮名遣い
はっかう	発酵	名詞サ変	詩韻,同音の漢字による書きかえ（発）
はっかう	醗酵	名詞サ変	詩韻
はっかう	醱酵	名詞サ変	詩韻
はっこう	発酵	名詞サ変	同音の漢字による書きかえ（発）
はっこう	醗酵	名詞サ変
はっこう	醱酵	名詞サ変
ばっすい	抜粋	名詞サ変	同音の漢字による書きかえ（粋）
ばっすい	抜萃	名詞サ変
はなたけ	鼻茸	名詞	慣用読み
はふ	法	名詞	歴史的仮名遣い,漢音,詩韻
はふはふのてい	はふはふの体	名詞	歴史的仮名遣い
はふはふのてい	這々の体	名詞	歴史的仮名遣い
はふはふのていで	はふはふの体で	副詞	歴史的仮名遣い
はふはふのていで	這々の体で	副詞	歴史的仮名遣い
はふりつ	法律	名詞	詩韻
はむざい	犯罪	名詞	広韻
はら	払	動詞ハ行四段	歴史的仮名遣い
はらひぼう	丿	名詞	歴史的仮名遣い
はらん	波乱	名詞	同音の漢字による書きかえ（乱）
はらん	波瀾	名詞
はんてむ	斑点	名詞	広韻
はんてむ	班点	名詞	広韻,同音の漢字による書きかえ（班）
はんてん	斑点	名詞
はんてん	班点	名詞	同音の漢字による書きかえ（班）
はんらん	反乱	名詞サ変	同音の漢字による書きかえ（反）
はんらん	叛乱	名詞サ変
はんゐ	範囲	名詞	詩韻
ひかへ	控へ	動詞一段	歴史的仮名遣い
ひきゐ	率ゐ	動詞一段	歴史的仮名遣い
ひご	飛語	名詞	同音の漢字による書きかえ（飛）
ひご	蜚語	名詞
ひさい	非才	名詞	同音の漢字による書きかえ（非）
ひさい	菲才	名詞
びじ	鼻茸	名詞	慣用読み
ひしめきあ	犇めき合	動詞ハ行四段	歴史的仮名遣い
びじょう	鼻茸	名詞
ひしょく	罷職	名詞	慣用読み
ひっしゅ	必須	名詞
ひっす	必須	名詞	慣用音（須）
ひふう	被覆	名詞
ひふく	被覆	名詞	慣用音（覆）
ひゃうし	拍子	名詞	詩韻
びゃうゐん	病院	名詞	詩韻
ひゃくしゃう	百姓	名詞	詩韻
ひょうぜん	漂然	名詞形動	同音の漢字による書きかえ（漂）
ひょうぜん	飄然	名詞形動
ひょうりょう	秤量	名詞サ変	慣用音（秤）
ひれき	披歴	名詞サ変	同音の漢字による書きかえ（歴）
ひれき	披瀝	名詞サ変
ひろ	拾	動詞ハ行四段	歴史的仮名遣い
ひんぎ	稟議	名詞サ変
ひんこく	稟告	名詞サ変
ひんしん	稟申	名詞サ変
ひんせい	稟請	名詞サ変
ふいちゃう	吹聴	名詞サ変	詩韻
ふぅゆ	風喩	名詞サ変	広韻,同音の漢字による書きかえ（風）
ふうゆ	風喩	名詞サ変	同音の漢字による書きかえ（風）
ふうゆ	諷喩	名詞サ変
ふぅゆ	諷喩	名詞サ変	広韻
ふえん	敷延	名詞サ変	同音の漢字による書きかえ（延）
ふえん	敷衍	名詞サ変
ふきのたう	蕗の薹	名詞	歴史的仮名遣い
ぶだう	ブダウ	名詞	歴史的仮名遣い
ふたう	不当	名詞形動	詩韻
ふちゃう	符丁	名詞	詩韻,同音の漢字による書きかえ（丁）
ふちょう	符丁	名詞	同音の漢字による書きかえ（丁）
ふちょう	符牒	名詞
ふてふ	符牒	名詞	詩韻
ふはっと	ふはっと	副詞	歴史的仮名遣い
ふはふは	ふはふは	副詞	歴史的仮名遣い
ふはふは	ふはふは	名詞形動	歴史的仮名遣い
ふはふはと	ふはふはと	副詞	歴史的仮名遣い
ふはりと	ふはりと	副詞	歴史的仮名遣い
ふひゃう	歩兵	名詞	詩韻
ふまへ	踏まへ	動詞一段	歴史的仮名遣い
ふる	篩	動詞ハ行四段	歴史的仮名遣い
ふるま	振る舞	動詞ハ行四段	歴史的仮名遣い
ふんさぅ	扮装	名詞サ変	広韻
ふんさう	扮装	名詞サ変	詩韻
ふんさぅ	粉装	名詞サ変	広韻,同音の漢字による書きかえ（粉）
ふんさう	粉装	名詞サ変	詩韻,同音の漢字による書きかえ（粉）
ぶんしゃう	文章	名詞	詩韻
ふんそう	扮装	名詞サ変
ふんそう	粉装	名詞サ変	同音の漢字による書きかえ（粉）
ふんぢん	粉塵	名詞	詩韻
ぶんてう	文鳥	名詞	詩韻
ぶんぱふ	文法	名詞	詩韻
ふんはりと	ふんはりと	副詞	歴史的仮名遣い
ぶんりう	分溜	名詞サ変	詩韻
ぶんりう	分留	名詞サ変	詩韻,同音の漢字による書きかえ（留）
ぶんりゅう	分溜	名詞サ変
ぶんりゅう	分留	名詞サ変	同音の漢字による書きかえ（留）
へう	表	名詞	詩韻
へうき	表記	名詞サ変	詩韻
へうぐゎい	表外	名詞	詩韻
へうぐゎいじ	表外字	名詞	詩韻
へうじゃう	表情	名詞	詩韻
へうぜん	漂然	名詞形動	詩韻,同音の漢字による書きかえ（漂）
へうぜん	飄然	名詞形動	詩韻
へうない	表内	名詞	詩韻
へうへうたる	飄飄たる	連体詞	詩韻
へうへうと	飄飄と	副詞	詩韻
へん	篇	名詞
へん	編	名詞	同音の漢字による書きかえ
へんかう	変更	名詞サ変	詩韻
べんきゃう	勉強	名詞サ変	詩韻
へんしふ	編輯	名詞サ変	詩韻
へんしふ	編集	名詞サ変	詩韻,同音の漢字による書きかえ（集）
へんしゅう	編輯	名詞サ変
へんしゅう	編集	名詞サ変	同音の漢字による書きかえ（集）
へんちつ	貶黜	名詞サ変	慣用音（黜）
へんちゅつ	貶黜	名詞サ変
べんぱつ	弁髪	名詞	同音の漢字による書きかえ（弁）
べんぱつ	辮髪	名詞
へんぺい	偏平	名詞形動	同音の漢字による書きかえ（偏）
へんぺい	扁平	名詞形動
ぼうあつ	防圧	名詞サ変	同音の漢字による書きかえ（圧）
ぼうあつ	防遏	名詞サ変
ほうき	放棄	名詞サ変	同音の漢字による書きかえ（放）
ほうき	抛棄	名詞サ変
ぼうぎょ	防禦	名詞サ変
ぼうぎょ	防御	名詞サ変	同音の漢字による書きかえ（御）
ほうじ	奉持	名詞サ変	同音の漢字による書きかえ（奉）
ほうじ	捧持	名詞サ変
ほうしう	報酬	名詞	詩韻
ほうじゅん	芳純	名詞形動	同音の漢字による書きかえ（純）
ほうじゅん	芳醇	名詞形動
ほうたい	包帯	名詞	同音の漢字による書きかえ（包）
ぼうだい	膨大	名詞形動	同音の漢字による書きかえ（膨）
ぼうだい	厖大	名詞形動
ほうたい	繃帯	名詞
ほぅぢ	奉持	名詞サ変	広韻,同音の漢字による書きかえ（奉）
ほうぢ	奉持	名詞サ変	詩韻,同音の漢字による書きかえ（奉）
ほぅぢ	捧持	名詞サ変	広韻
ほうぢ	捧持	名詞サ変	詩韻
ほうちょう	包丁	名詞	同音の漢字による書きかえ（包）
ほうちょう	庖丁	名詞
ぼうちょう	膨張	名詞サ変	同音の漢字による書きかえ（張）
ぼうちょう	膨脹	名詞サ変
ほうるい	保塁	名詞	同音の漢字による書きかえ（保）
ほうるい	堡塁	名詞
ほくゎく	捕獲	名詞サ変	詩韻
ほさ	補佐	名詞サ変	同音の漢字による書きかえ（補）
ほさ	輔佐	名詞サ変
ぼし	母指	名詞	同音の漢字による書きかえ（母）
ぼし	拇指	名詞
ほふ	法	名詞	歴史的仮名遣い,呉音,詩韻
ほほゑ	微笑	動詞マ行五段	歴史的仮名遣い
ほるい	保塁	名詞	同音の漢字による書きかえ（保）
ほるい	堡塁	名詞
ほんたう	本当	名詞	詩韻
ほんたうに	本当に	副詞	詩韻
ま	舞	動詞ハ行四段	歴史的仮名遣い
まう	申	動詞サ行五段	歴史的仮名遣い
まうけ	設け	動詞一段	歴史的仮名遣い
まうけ	儲け	動詞一段	歴史的仮名遣い
まごのて	孫の手	名詞	当て字（孫）
まこのて	眞子の手	名詞
まじな	まじな	動詞ハ行四段	歴史的仮名遣い
まじな	呪	動詞ハ行四段	歴史的仮名遣い
まじな	咒	動詞ハ行四段	歴史的仮名遣い
ますらを	益荒男	名詞	歴史的仮名遣い
まちが	間違	動詞ハ行四段	歴史的仮名遣い
まちがへ	間違へ	動詞一段	歴史的仮名遣い
まと	纏	動詞ハ行四段	歴史的仮名遣い
まと	絡	動詞ハ行四段	歴史的仮名遣い
まは	回	動詞ラ行五段	歴史的仮名遣い
まへ	前	名詞	歴史的仮名遣い
まよ	迷	動詞ハ行四段	歴史的仮名遣い
まゐ	まゐ	動詞ラ行五段	歴史的仮名遣い
まゐ	詣	動詞ラ行五段	歴史的仮名遣い
まゐ	参	動詞ラ行五段	歴史的仮名遣い
まんぐゎ	漫画	名詞	詩韻
みさを	操	名詞形動	歴史的仮名遣い
みづ	水	名詞	歴史的仮名遣い
みづのえ	壬	名詞	歴史的仮名遣い
みづのと	癸	名詞	歴史的仮名遣い
みゃくはく	脈拍	名詞	同音の漢字による書きかえ（拍）
みゃくはく	脈搏	名詞
みを	澪	名詞	歴史的仮名遣い
むか	向か	動詞ハ行四段	歴史的仮名遣い
むかう	無効	名詞形動	詩韻
むくい	報い	動詞一段	歴史的仮名遣い,「報ゐる」ではない。
むづかし	難し	形容詞	歴史的仮名遣い
めいび	明美	名詞形動	同音の漢字による書きかえ（美）
めいび	明媚	名詞形動
めしつか	召し使	動詞ハ行四段	歴史的仮名遣い
めしつかひ	召し使ひ	名詞	歴史的仮名遣い
めをと	めをと	名詞	歴史的仮名遣い
めんさっし	綿撒糸	名詞
めんざんし	綿撒糸	名詞	慣用音（撒）
もさく	摸索	名詞サ変
もさく	模索	名詞サ変	同音の漢字による書きかえ（模）
もちゐ	用ゐ	動詞一段	歴史的仮名遣い
もとひ	元ひ	感動詞	歴史的仮名遣い
もとへ	元へ	感動詞	歴史的仮名遣い
もとゐ	基	名詞	歴史的仮名遣い
ものい	物言	動詞ハ行四段	歴史的仮名遣い
もら	貰	動詞ハ行四段	歴史的仮名遣い
やう	やう	名詞形動	歴史的仮名遣い
やうか	八日	副詞	歴史的仮名遣い
やうか	八日	名詞	歴史的仮名遣い
やうぐゎ	洋画	名詞	詩韻
やうじ	楊枝	名詞	詩韻
やうす	様子	名詞	詩韻
やうやく	やうやく	副詞	歴史的仮名遣い
やすら	休ら	動詞ハ行四段	歴史的仮名遣い
やと	雇	動詞ハ行四段	歴史的仮名遣い
やにはに	やにはに	副詞	歴史的仮名遣い,「急に」の意
やにはに	矢庭に	副詞	歴史的仮名遣い
やひ	野卑	名詞形動	同音の漢字による書きかえ（卑）
やひ	野鄙	名詞形動
やほちゃう	八百長	名詞	歴史的仮名遣い,詩韻
やをら	やをら	副詞	歴史的仮名遣い,「ゆっくり」の意
ゆ	輸	動詞サ変	慣用音
ゆうぎ	友宜	名詞	同音の漢字による書きかえ（宜）
ゆうぎ	友誼	名詞
ゆうけい	夕景	名詞	慣用読み
ゆうしゅつ	湧出	名詞サ変	慣用音（湧）
ゆうしゅつ	涌出	名詞サ変	慣用音（涌）
ゆうしゅん	優俊	名詞	同音の漢字による書きかえ（俊）
ゆうしゅん	優駿	名詞
ゆうぜん	悠然	名詞形動
ゆうぜん	裕然	名詞形動	同音の漢字による書きかえ（裕）,慣用音（裕）
ゆえい	輸贏	名詞	慣用音（輸）
ゆくゎい	愉快	名詞形動	詩韻
ゆさうせん	油槽船	名詞	詩韻
ゆさうせん	油送船	名詞	詩韻,同音の漢字による書きかえ（送）
ゆしゅつ	輸出	名詞サ変	慣用音（輸）
ゆそ	輸租	名詞	慣用音（輸）
ゆそうせん	油槽船	名詞
ゆそうせん	油送船	名詞	同音の漢字による書きかえ（送）
ゆなふ	輸納	名詞	詩韻
ゆにゅう	輸入	名詞サ変	慣用音（輸）
ゆのう	輸納	名詞	慣用音（輸）
ゆふ	夕	名詞	歴史的仮名遣い
ゆゑ	故	名詞	歴史的仮名遣い
ゆゑに	故に	接続詞	歴史的仮名遣い
ゆゑん	所以	名詞	歴史的仮名遣い
よ	酔	動詞ハ行四段	歴史的仮名遣い
ようくゎ	蛹化	名詞サ変	詩韻
ようしゅつ	湧出	名詞サ変
ようしゅつ	涌出	名詞サ変
ようせつ	溶接	名詞サ変	同音の漢字による書きかえ（溶）
ようせつ	熔接	名詞サ変
よく	慾	名詞
よく	欲	名詞	同音の漢字による書きかえ
よぢ	よぢ	動詞ラ行五段	歴史的仮名遣い
よぢ	よぢ	動詞一段	歴史的仮名遣い
よぢ	捩	動詞ラ行五段	歴史的仮名遣い
よぢ	攀ぢ	動詞一段	歴史的仮名遣い
よぢれ	よぢれ	動詞一段	歴史的仮名遣い
よぢれ	捩れ	動詞一段	歴史的仮名遣い
よろん	世論	名詞	同音の漢字による書きかえ（世）
よろん	輿論	名詞
らうご	老後	名詞	詩韻
らくご	落伍	名詞サ変
らくご	落後	名詞サ変	同音の漢字による書きかえ（後）
らんかく	乱獲	名詞サ変	同音の漢字による書きかえ（乱）
らんかく	濫獲	名詞サ変
らんくつ	乱掘	名詞サ変	同音の漢字による書きかえ（乱）
らんくつ	濫掘	名詞サ変
らんくゎく	乱獲	名詞サ変	詩韻,同音の漢字による書きかえ（乱）
らんくゎく	濫獲	名詞サ変	詩韻
らんざう	乱造	名詞サ変	詩韻,同音の漢字による書きかえ（乱）
らんざう	濫造	名詞サ変	詩韻
らんさく	乱作	名詞サ変	同音の漢字による書きかえ（乱）
らんさく	濫作	名詞サ変
らんぞう	乱造	名詞サ変	同音の漢字による書きかえ（乱）
らんぞう	濫造	名詞サ変
らんどく	乱読	名詞サ変	同音の漢字による書きかえ（乱）
らんどく	濫読	名詞サ変
らんぱつ	乱発	名詞サ変	同音の漢字による書きかえ（乱）
らんばつ	乱伐	名詞サ変	同音の漢字による書きかえ（乱）
らんぱつ	濫発	名詞サ変
らんばつ	濫伐	名詞サ変
らんぴ	乱費	名詞サ変	同音の漢字による書きかえ（乱）
らんぴ	濫費	名詞サ変
らんよぅ	乱用	名詞サ変	広韻,同音の漢字による書きかえ（乱）
らんよう	乱用	名詞サ変	同音の漢字による書きかえ（乱）
らんよう	濫用	名詞サ変
らんよぅ	濫用	名詞サ変	広韻
りういむ	溜飲	名詞	広韻
りういむ	留飲	名詞	広韻,同音の漢字による書きかえ（留）
りういん	溜飲	名詞	詩韻
りういん	留飲	名詞	詩韻,同音の漢字による書きかえ（留）
りうしゅつ	溜出	名詞サ変	詩韻
りうしゅつ	留出	名詞サ変	詩韻,同音の漢字による書きかえ（留）
りかう	利口	名詞形動	詩韻,同音の漢字による書きかえ
りかう	悧巧	名詞形動	詩韻
りくつ	理屈	名詞	同音の漢字による書きかえ（屈）
りくつ	理窟	名詞
りこう	利口	名詞形動	同音の漢字による書きかえ
りこう	悧巧	名詞形動
りゃうかい	諒解	名詞サ変	詩韻
りゃうしりきがく	量子力学	名詞	詩韻
りゃうしろん	量子論	名詞	詩韻
りゃうゐき	領域	名詞	詩韻
りゃくだつ	掠奪	名詞サ変
りゃくだつ	略奪	名詞サ変	同音の漢字による書きかえ（略）
りゅういん	溜飲	名詞
りゅういん	留飲	名詞	同音の漢字による書きかえ（留）
りゅうしゅつ	溜出	名詞サ変
りゅうしゅつ	留出	名詞サ変	同音の漢字による書きかえ（留）
りょうかい	了解	名詞サ変	同音の漢字による書きかえ（了）
りょうかい	諒解	名詞サ変
りょうけん	了見	名詞サ変	同音の漢字による書きかえ
りょうけん	料簡	名詞サ変
りょりつ	呂律	名詞
りんかく	輪廓	名詞
りんかく	輪郭	名詞	同音の漢字による書きかえ（郭）
りんぎ	稟議	名詞サ変	慣用音（稟）
りんこく	稟告	名詞サ変	慣用音（稟）
りんしん	稟申	名詞サ変	慣用音（稟）
りんせい	稟請	名詞サ変	慣用音（稟）
りんだう	リンダウ	名詞	歴史的仮名遣い
りんだう	竜胆	名詞	歴史的仮名遣い
れうかい	了解	名詞サ変	詩韻,同音の漢字による書きかえ（了）
れうかい	諒解	名詞サ変	詩韻
れうけん	了見	名詞サ変	詩韻,同音の漢字による書きかえ
れうけん	料簡	名詞サ変	詩韻
れうり	料理	名詞サ変	詩韻
れん	連	名詞	同音の漢字による書きかえ
れん	嗹	名詞
れんがふ	聯合	名詞サ変	詩韻
れんがふ	連合	名詞サ変	詩韻,同音の漢字による書きかえ（連）
れんぐゎ	煉瓦	名詞	詩韻
れんけい	連係	名詞サ変	同音の漢字による書きかえ（係）
れんけい	連繋	名詞サ変
れんけい	連繫	名詞サ変	印刷標準字体（繫）
れんごう	聯合	名詞
れんごう	連合	名詞	同音の漢字による書きかえ（連）
ろうえい	漏洩	名詞サ変	慣用読み
ろうえい	漏泄	名詞サ変	簡体字,慣用読み
ろうせつ	漏洩	名詞サ変
ろうせつ	漏泄	名詞サ変	簡体字
ろれつ	呂律	名詞	慣用読み
わぅわぅ	往々	副詞	広韻
わうわう	往々	副詞	詩韻
わぅわぅに	往々に	副詞	広韻
わうわうに	往々に	副詞	詩韻
わぅわぅにして	往々にして	副詞	広韻
わうわうにして	往々にして	副詞	詩韻
わざはひ	災ひ	名詞	歴史的仮名遣い
わら	笑	動詞ハ行四段	歴史的仮名遣い
われもかう	ワレモカウ	名詞	歴史的仮名遣い
われもかう	吾木香	名詞	歴史的仮名遣い
わんきょく	湾曲	名詞サ変	同音の漢字による書きかえ（湾）
わんきょく	彎曲	名詞サ変
ゐ	胃	名詞	詩韻
ゐ	亥	名詞	歴史的仮名遣い
ゐ	居	動詞一段	歴史的仮名遣い
ゐかく	威嚇	名詞サ変	詩韻
ゐぐさ	藺草	名詞	歴史的仮名遣い
ゐしゃれう	慰謝料	名詞	詩韻,同音の漢字による書きかえ（謝）
ゐしゃれう	慰藉料	名詞	詩韻
ゐしゅく	委縮	名詞サ変	詩韻,同音の漢字による書きかえ（委）
ゐしゅく	萎縮	名詞サ変	詩韻
ゐたけだか	居丈高	名詞形動	歴史的仮名遣い
ゐだてん	韋駄天	名詞	詩韻
ゐちゃう	胃腸	名詞	詩韻
ゐど	井戸	名詞	詩韻
ゐなか	田舎	名詞	歴史的仮名遣い
ゐのしし	亥	名詞	歴史的仮名遣い
ゐのしし	猪	名詞	歴史的仮名遣い
ゐば	威張	動詞ラ行五段	歴史的仮名遣い
ゐりょく	威力	名詞	詩韻
ゑ	絵	名詞	歴史的仮名遣い
ゑ	笑	動詞マ行五段	歴史的仮名遣い
ゑ	酔	動詞ハ行四段	歴史的仮名遣い
ゑいせい	衛生	名詞	詩韻
ゑぃゑん	永遠	名詞形動	広韻
ゑいゑん	永遠	名詞形動	詩韻
ゑが	描	動詞カ行五段	歴史的仮名遣い
ゑぐ	ゑぐ	形容詞	歴史的仮名遣い
ゑぐ	ヱグ	形容詞	歴史的仮名遣い
ゑぐ	刳	動詞ラ行五段	歴史的仮名遣い
ゑぐ	抉	動詞ラ行五段	歴史的仮名遣い
ゑさ	餌	名詞	歴史的仮名遣い
ゑっとう	越冬	名詞サ変	詩韻
ゑみ	笑み	名詞	歴史的仮名遣い
ゑん	円	助数詞	詩韻
ゑん	円	名詞	詩韻
ゑんじゅ	ヱンジュ	名詞	歴史的仮名遣い
ゑんりょ	遠慮	名詞サ変	詩韻
を	を	動詞ラ行五段	歴史的仮名遣い
を	居	動詞ラ行五段	歴史的仮名遣い
を	折	動詞ラ行五段	歴史的仮名遣い
をが	拝	動詞マ行五段	歴史的仮名遣い
をか	犯	動詞サ行五段	歴史的仮名遣い
をかし	をかし	形容詞	歴史的仮名遣い
をかしな	をかしな	連体詞	歴史的仮名遣い
をくぐゎい	屋外	名詞	詩韻
をくない	屋内	名詞	詩韻
をくないぐゎい	屋内外	名詞	詩韻
をこがまし	をこがまし	形容詞	歴史的仮名遣い
をこがまし	烏滸がまし	形容詞	歴史的仮名遣い
をさ	長	名詞	歴史的仮名遣い
をさな	幼	形容詞	歴史的仮名遣い
をさめ	治め	動詞一段	歴史的仮名遣い
をさめ	収め	動詞一段	歴史的仮名遣い
をさめ	修め	動詞一段	歴史的仮名遣い
をさめ	納め	動詞一段	歴史的仮名遣い
をさをさ	をさをさ	副詞	歴史的仮名遣い
をし	惜し	形容詞	歴史的仮名遣い
をしへ	教へ	動詞一段	歴史的仮名遣い
をす	雄	名詞	歴史的仮名遣い
をそは	教は	動詞ラ行五段	歴史的仮名遣い
をぢ	をぢ	人名	歴史的仮名遣い
をちど	越度	名詞	歴史的仮名遣い
をっと	夫	名詞	歴史的仮名遣い
をど	踊	動詞ラ行五段	歴史的仮名遣い
をとこ	男	名詞	歴史的仮名遣い
をととし	一昨年	名詞	歴史的仮名遣い
をととひ	一昨日	名詞	歴史的仮名遣い
をとめ	乙女	名詞	歴史的仮名遣い
をとり	囮	名詞	歴史的仮名遣い
をの	斧	名詞	歴史的仮名遣い
をのの	戦	動詞カ行五段	歴史的仮名遣い
をのの	慄	動詞カ行五段	歴史的仮名遣い
をば	をば	人名	歴史的仮名遣い
をは	終は	動詞ラ行五段	歴史的仮名遣い
をば	叔母	人名	歴史的仮名遣い,熟字訓
をば	伯母	人名	歴史的仮名遣い,熟字訓
をはらう	終はらう	終助詞	歴史的仮名遣い,四段動詞のウ形
をへ	終へ	動詞一段	歴史的仮名遣い
をみなへし	ヲミナヘシ	名詞	歴史的仮名遣い
をみなへし	女郎花	名詞	歴史的仮名遣い,熟字訓
をらう	をらう	終助詞	歴史的仮名遣い,四段動詞のウ形
をらう	居らう	終助詞	歴史的仮名遣い,四段動詞のウ形
をり	檻	名詞	歴史的仮名遣い
をろち	をろち	名詞	歴史的仮名遣い
をろち	ヲロチ	名詞	歴史的仮名遣い
をろち	大蛇	名詞	歴史的仮名遣い,熟字訓
ををし	雄々し	形容詞	歴史的仮名遣い
をんな	女	名詞	歴史的仮名遣い
